trace_index,timestamp,query,outcome_ok,path_ok,gap_detected,path_score,step_efficiency,format_errors,format_error_rate,loop_detected,gave_up,possible_hallucination,final_answer_snippet
1,2026-08-30 22:53:41,How to turn on this laptop?,True,True,False,1.0,1.0,0,0.0,False,False,False,"To turn on your Notebook PC, press the power button.

**Source:** Asus TUF Gaming F15 FX506HC Windows 11 User manuel.pdf, Page 20 (also mentioned on P"
2,2026-09-05 17:06:44,What is captive animal?,True,True,False,1.0,1.0,0,0.0,False,False,False,"Based on the provided documents, captive animals are animals that live under human care. Captivity is a generalizing term used to describe the keeping"
3,2026-09-05 17:10:22,Global environment pollution in China.,True,True,False,1.0,1.0,0,0.0,False,False,False,"Based on the provided documents, environmental pollution in China is characterized by the following:

* China faces serious environmental pollution du"
4,2026-09-05 17:12:39,Tips to prevent the pollution and give me the scientific values of the wildlife.,True,True,False,1.0,1.0,0,0.0,False,False,False,"**Tips to Prevent Pollution:**

Some ways to prevent and reduce pollution include:
* **Reduce, Reuse, Recycle, Repair:** Implement recycling, purchase"
5,2026-09-05 17:13:03,scientific values of the wildlife.,True,True,False,1.0,1.0,0,0.0,False,False,False,I could not find this information in the provided amendment documents.
6,2026-09-05 17:14:00,Explain the cultural values.,True,True,False,1.0,1.0,0,0.0,False,False,False,I could not find this information in the provided amendment documents.
7,2026-09-05 17:32:09,Tips to prevent the pollution and the scientific values of the wildlife.,True,True,False,1.0,1.0,0,0.0,False,False,False,"Based on the provided documents, here are the tips to prevent pollution and the scientific values of wildlife:

### **Tips to Prevent Pollution** 
*(S"
8,2026-09-05 17:40:23,Tips to prevent the pollution and the scientific values of the wildlife,True,True,False,1.0,1.0,0,0.0,False,False,False,"Based on the provided documents, here are the tips to prevent pollution and the scientific values of wildlife:

### **Tips to Prevent Pollution**
* **"
9,2026-09-05 18:58:11,What is water pollution?,True,True,False,1.0,1.0,0,0.0,False,False,False,"Based on the provided documents, water pollution is the contamination of water bodies such as rivers, streams, oceans, seas, and lakes caused by the i"
10,2026-09-05 18:59:12,Difference between water and land pollution.,True,True,False,1.0,1.0,0,0.0,False,False,False,"Based on the provided document, the differences are:

* **Water Pollution:** It is the contamination or environmental degradation of water bodies (suc"
11,2026-09-05 19:04:39,Difference between air and water pollution.,True,True,False,1.0,1.0,0,0.0,False,False,False,"Based on the provided document, the main differences between air and water pollution are:

* **Air Pollution:** Involves the discharge of harmful or p"
12,2026-08-31 00:38:03,How to turn on the laptop?,True,True,False,1.0,1.0,0,0.0,False,False,False,"To turn on your Notebook PC, press the power button.

**Source:** 
Asus TUF Gaming F15 FX506HC Windows 11 User manuel.pdf, Page 20 (also referenced on"
13,2026-09-05 13:34:13,What happens if there's a breach of contract according to the terms?,True,True,False,1.0,1.0,0,0.0,False,False,False,I could not find this information in the provided amendment documents.
14,2026-09-05 13:34:31,What happens if there's a breach of contract according to the terms?,True,True,False,1.0,1.0,0,0.0,False,False,False,"According to the Limitation of Liability terms in the manual/warranty statement, if a default or liability on ASUS' part occurs and you are entitled t"
15,2026-09-05 13:38:05,What happens if there's a breach of contract according to the terms?,True,True,False,1.0,1.0,0,0.0,False,False,False,I could not find this information in the provided amendment documents.
16,2026-09-05 13:39:08,What happens if there's a breach of contract according to the terms?,True,True,False,1.0,1.0,0,0.0,False,False,False,"Based on the provided terms under the **Limitation of Liability** section, if a default or failure to perform legal duties occurs on ASUS’ part:

1. *"
17,2026-09-05 13:39:11,What was the previous question I just asked you? Answer using your long-term memory.,True,False,True,0.7,1.0,0,0.0,False,False,False,"According to your long-term interaction history, the previous question you asked was: ""What happens if there's a breach of contract according to the t"
